Run,geographic_location_(country_and/or_sea region)
ERR674075,Germany
ERR674123,Germany
ERR674076,Germany
ERR674124,Germany
ERR674077,Germany
ERR674125,Germany
ERR674078,Germany
ERR674126,Germany
ERR674079,Germany
ERR674127,Germany
ERR674080,Germany
ERR674128,Germany
ERR479476,
ERR479477,
ERR479478,
ERR479479,
ERR480972,
ERR480973,
ERR480974,
ERR480975,
ERR674081,Germany
ERR674129,Germany
ERR674082,Germany
ERR674130,Germany
ERR674083,Germany
ERR674131,Germany
ERR674084,Germany
ERR674132,Germany
ERR674085,Germany
ERR674133,Germany
ERR674086,Germany
ERR674134,Germany
ERR674087,Germany
ERR674135,Germany
ERR479492,
ERR479493,
ERR479494,
ERR479495,
ERR480988,
ERR480989,
ERR480990,
ERR480991,
ERR674088,Germany
ERR674136,Germany
ERR674089,Germany
ERR674137,Germany
ERR479558,
ERR479559,
ERR479560,
ERR479561,
ERR481054,
ERR481055,
ERR481056,
ERR481057,
ERR674090,Germany
ERR674138,Germany
ERR479504,
ERR479505,
ERR479506,
ERR479507,
ERR481000,
ERR481001,
ERR481002,
ERR481003,
ERR674091,Germany
ERR674139,Germany
ERR674092,Germany
ERR674140,Germany
ERR479562,
ERR479563,
ERR479564,
ERR479565,
ERR481058,
ERR481059,
ERR481060,
ERR481061,
ERR674093,Germany
ERR674141,Germany
ERR674094,Germany
ERR674142,Germany
ERR674095,Germany
ERR674143,Germany
ERR479456,
ERR479457,
ERR479458,
ERR479459,
ERR480952,
ERR480953,
ERR480954,
ERR480955,
ERR674096,Germany
ERR674144,Germany
ERR479484,
ERR479485,
ERR479486,
ERR479487,
ERR480980,
ERR480981,
ERR480982,
ERR480983,
ERR674097,Germany
ERR674145,Germany
ERR479538,
ERR479539,
ERR479540,
ERR479541,
ERR481034,
ERR481035,
ERR481036,
ERR481037,
ERR674098,Germany
ERR674146,Germany
ERR674099,Germany
ERR674147,Germany
ERR674100,Germany
ERR674148,Germany
ERR674101,Germany
ERR674149,Germany
ERR674102,Germany
ERR674150,Germany
ERR479554,
ERR479555,
ERR479556,
ERR479557,
ERR481050,
ERR481051,
ERR481052,
ERR481053,
ERR674103,Germany
ERR674151,Germany
ERR479500,
ERR479501,
ERR479502,
ERR479503,
ERR480996,
ERR480997,
ERR480998,
ERR480999,
ERR674104,Germany
ERR674152,Germany
ERR479423,
ERR479424,
ERR479425,
ERR479426,
ERR479427,
ERR480919,
ERR480920,
ERR480921,
ERR480922,
ERR480923,
ERR674105,Germany
ERR674153,Germany
ERR674106,Germany
ERR674154,Germany
ERR479440,
ERR479441,
ERR479442,
ERR479443,
ERR480936,
ERR480937,
ERR480938,
ERR480939,
ERR674107,Germany
ERR674155,Germany
ERR674108,Germany
ERR674156,Germany
ERR674109,Germany
ERR674157,Germany
ERR674110,Germany
ERR674158,Germany
ERR674111,Germany
ERR674159,Germany
ERR674112,Germany
ERR674160,Germany
ERR674113,Germany
ERR674161,Germany
ERR674114,Germany
ERR674162,Germany
ERR674115,Germany
ERR674163,Germany
ERR674116,Germany
ERR674164,Germany
ERR674117,Germany
ERR674165,Germany
ERR674118,Germany
ERR674166,Germany
ERR479566,
ERR479567,
ERR479568,
ERR479569,
ERR481062,
ERR481063,
ERR481064,
ERR481065,
ERR674119,Germany
ERR674167,Germany
ERR674120,Germany
ERR674168,Germany
ERR674121,Germany
ERR674169,Germany
ERR674122,Germany
ERR674170,Germany
ERR479597,
ERR479598,
ERR479599,
ERR479600,
ERR479601,
ERR479602,
ERR481093,
ERR481094,
ERR481095,
ERR481096,
ERR481097,
ERR481098,
ERR479570,
ERR479571,
ERR479572,
ERR479573,
ERR479574,
ERR479575,
ERR481066,
ERR481067,
ERR481068,
ERR481069,
ERR481070,
ERR481071,
ERR479576,
ERR479577,
ERR479578,
ERR479579,
ERR479580,
ERR479581,
ERR481072,
ERR481073,
ERR481074,
ERR481075,
ERR481076,
ERR481077,
ERR479590,
ERR479591,
ERR479592,
ERR479593,
ERR479594,
ERR479595,
ERR479596,
ERR481086,
ERR481087,
ERR481088,
ERR481089,
ERR481090,
ERR481091,
ERR481092,
ERR479582,
ERR479583,
ERR479584,
ERR479585,
ERR479586,
ERR479587,
ERR479588,
ERR479589,
ERR481078,
ERR481079,
ERR481080,
ERR481081,
ERR481082,
ERR481083,
ERR481084,
ERR481085,
ERR479550,
ERR479551,
ERR479552,
ERR479553,
ERR481046,
ERR481047,
ERR481048,
ERR481049,
ERR479546,
ERR479547,
ERR479548,
ERR479549,
ERR481042,
ERR481043,
ERR481044,
ERR481045,
ERR479542,
ERR479543,
ERR479544,
ERR479545,
ERR481038,
ERR481039,
ERR481040,
ERR481041,
ERR479534,
ERR479535,
ERR479536,
ERR479537,
ERR481030,
ERR481031,
ERR481032,
ERR481033,
ERR479532,
ERR479533,
ERR481028,
ERR481029,
ERR479528,
ERR479529,
ERR479530,
ERR479531,
ERR481024,
ERR481025,
ERR481026,
ERR481027,
ERR479524,
ERR479525,
ERR479526,
ERR479527,
ERR481020,
ERR481021,
ERR481022,
ERR481023,
ERR479520,
ERR479521,
ERR479522,
ERR479523,
ERR481016,
ERR481017,
ERR481018,
ERR481019,
ERR479516,
ERR479517,
ERR479518,
ERR479519,
ERR481012,
ERR481013,
ERR481014,
ERR481015,
ERR479508,
ERR479509,
ERR479510,
ERR479511,
ERR481004,
ERR481005,
ERR481006,
ERR481007,
ERR479496,
ERR479497,
ERR479498,
ERR479499,
ERR480992,
ERR480993,
ERR480994,
ERR480995,
ERR479512,
ERR479513,
ERR479514,
ERR479515,
ERR481008,
ERR481009,
ERR481010,
ERR481011,
ERR479488,
ERR479489,
ERR479490,
ERR479491,
ERR480984,
ERR480985,
ERR480986,
ERR480987,
ERR479480,
ERR479481,
ERR479482,
ERR479483,
ERR480976,
ERR480977,
ERR480978,
ERR480979,
ERR479472,
ERR479473,
ERR479474,
ERR479475,
ERR480968,
ERR480969,
ERR480970,
ERR480971,
ERR479468,
ERR479469,
ERR479470,
ERR479471,
ERR480964,
ERR480965,
ERR480966,
ERR480967,
ERR479464,
ERR479465,
ERR479466,
ERR479467,
ERR480960,
ERR480961,
ERR480962,
ERR480963,
ERR479460,
ERR479461,
ERR479462,
ERR479463,
ERR480956,
ERR480957,
ERR480958,
ERR480959,
ERR479452,
ERR479453,
ERR479454,
ERR479455,
ERR480948,
ERR480949,
ERR480950,
ERR480951,
ERR479448,
ERR479449,
ERR479450,
ERR479451,
ERR480944,
ERR480945,
ERR480946,
ERR480947,
ERR479444,
ERR479445,
ERR479446,
ERR479447,
ERR480940,
ERR480941,
ERR480942,
ERR480943,
ERR479436,
ERR479437,
ERR479438,
ERR479439,
ERR480932,
ERR480933,
ERR480934,
ERR480935,
ERR479432,
ERR479433,
ERR479434,
ERR479435,
ERR480928,
ERR480929,
ERR480930,
ERR480931,
ERR479428,
ERR479429,
ERR479430,
ERR479431,
ERR480924,
ERR480925,
ERR480926,
ERR480927,
ERR479419,
ERR479420,
ERR479421,
ERR479422,
ERR480915,
ERR480916,
ERR480917,
ERR480918,
ERR479091,France
ERR479092,France
ERR480587,France
ERR480588,France
ERR479033,France
ERR479034,France
ERR479035,France
ERR479036,France
ERR480529,France
ERR480530,France
ERR480531,France
ERR480532,France
ERR479041,France
ERR479042,France
ERR480537,France
ERR480538,France
ERR479397,France
ERR479398,France
ERR479399,France
ERR479400,France
ERR480893,France
ERR480894,France
ERR480895,France
ERR480896,France
ERR475467,France
ERR479298,France
ERR480794,France
ERR475468,France
ERR478970,France
ERR478971,France
ERR478972,France
ERR478973,France
ERR480466,France
ERR480467,France
ERR480468,France
ERR480469,France
ERR475469,France
ERR479049,France
ERR479050,France
ERR479051,France
ERR479052,France
ERR480545,France
ERR480546,France
ERR480547,France
ERR480548,France
ERR475470,France
ERR479319,France
ERR479320,France
ERR480815,France
ERR480816,France
ERR475471,France
ERR479339,France
ERR479340,France
ERR480835,France
ERR480836,France
ERR475472,France
ERR479057,France
ERR479058,France
ERR480553,France
ERR480554,France
ERR475473,France
ERR479413,France
ERR479414,France
ERR480909,France
ERR480910,France
ERR475474,France
ERR478994,France
ERR478995,France
ERR478996,France
ERR478997,France
ERR480490,France
ERR480491,France
ERR480492,France
ERR480493,France
ERR475475,France
ERR479181,France
ERR479182,France
ERR480677,France
ERR480678,France
ERR475476,France
ERR478962,France
ERR478963,France
ERR480458,France
ERR480459,France
ERR475477,France
ERR479107,France
ERR479108,France
ERR479109,France
ERR479110,France
ERR480603,France
ERR480604,France
ERR480605,France
ERR480606,France
ERR475478,France
ERR479393,France
ERR479394,France
ERR480889,France
ERR480890,France
ERR475479,France
ERR479213,France
ERR479214,France
ERR479215,France
ERR479216,France
ERR480709,France
ERR480710,France
ERR480711,France
ERR480712,France
ERR475480,France
ERR479093,France
ERR479094,France
ERR479095,France
ERR479096,France
ERR480589,France
ERR480590,France
ERR480591,France
ERR480592,France
ERR475481,France
ERR479167,France
ERR479168,France
ERR480663,France
ERR480664,France
ERR479325,France
ERR479326,France
ERR480821,France
ERR480822,France
ERR479063,France
ERR479064,France
ERR480559,France
ERR480560,France
ERR475482,France
ERR479053,France
ERR479054,France
ERR479055,France
ERR479056,France
ERR480549,France
ERR480550,France
ERR480551,France
ERR480552,France
ERR475483,France
ERR479118,France
ERR479119,France
ERR479120,France
ERR479121,France
ERR480614,France
ERR480615,France
ERR480616,France
ERR480617,France
ERR475484,France
ERR479263,France
ERR479264,France
ERR479265,France
ERR479266,France
ERR480759,France
ERR480760,France
ERR480761,France
ERR480762,France
ERR475485,France
ERR479045,France
ERR479046,France
ERR479047,France
ERR479048,France
ERR480541,France
ERR480542,France
ERR480543,France
ERR480544,France
ERR475486,France
ERR479128,France
ERR479129,France
ERR479130,France
ERR479131,France
ERR480624,France
ERR480625,France
ERR480626,France
ERR480627,France
ERR475487,France
ERR479405,France
ERR479406,France
ERR479407,France
ERR479408,France
ERR480901,France
ERR480902,France
ERR480903,France
ERR480904,France
ERR475488,France
ERR479294,France
ERR479295,France
ERR479296,France
ERR479297,France
ERR480790,France
ERR480791,France
ERR480792,France
ERR480793,France
ERR475489,France
ERR479161,France
ERR480657,France
ERR475490,France
ERR479241,France
ERR479242,France
ERR480737,France
ERR480738,France
ERR475491,France
ERR479099,France
ERR479100,France
ERR480595,France
ERR480596,France
ERR475492,France
ERR478980,France
ERR478981,France
ERR478982,France
ERR478983,France
ERR480476,France
ERR480477,France
ERR480478,France
ERR480479,France
ERR475493,France
ERR479193,France
ERR479194,France
ERR480689,France
ERR480690,France
ERR475494,France
ERR479274,France
ERR479275,France
ERR480770,France
ERR480771,France
ERR475495,France
ERR479286,France
ERR479287,France
ERR479288,France
ERR479289,France
ERR480782,France
ERR480783,France
ERR480784,France
ERR480785,France
ERR475496,France
ERR479067,France
ERR479068,France
ERR479069,France
ERR479070,France
ERR480563,France
ERR480564,France
ERR480565,France
ERR480566,France
ERR478974,France
ERR478975,France
ERR480470,France
ERR480471,France
ERR479004,France
ERR479005,France
ERR480500,France
ERR480501,France
ERR475497,France
ERR479195,France
ERR479196,France
ERR479197,France
ERR479198,France
ERR480691,France
ERR480692,France
ERR480693,France
ERR480694,France
ERR479270,France
ERR479271,France
ERR479272,France
ERR479273,France
ERR480766,France
ERR480767,France
ERR480768,France
ERR480769,France
ERR475498,France
ERR479362,France
ERR479363,France
ERR479364,France
ERR479365,France
ERR480858,France
ERR480859,France
ERR480860,France
ERR480861,France
ERR475499,France
ERR479132,France
ERR479133,France
ERR479134,France
ERR479135,France
ERR480628,France
ERR480629,France
ERR480630,France
ERR480631,France
ERR475500,France
ERR478984,France
ERR478985,France
ERR480480,France
ERR480481,France
ERR479140,France
ERR479141,France
ERR480636,France
ERR480637,France
ERR475501,France
ERR479353,France
ERR479354,France
ERR480849,France
ERR480850,France
ERR475502,France
ERR479304,France
ERR479305,France
ERR479306,France
ERR479307,France
ERR480800,France
ERR480801,France
ERR480802,France
ERR480803,France
ERR475503,France
ERR479014,France
ERR479015,France
ERR479016,France
ERR479017,France
ERR480510,France
ERR480511,France
ERR480512,France
ERR480513,France
ERR475504,France
ERR479203,France
ERR479204,France
ERR479205,France
ERR479206,France
ERR480699,France
ERR480700,France
ERR480701,France
ERR480702,France
ERR475505,France
ERR478998,France
ERR478999,France
ERR480494,France
ERR480495,France
ERR475506,France
ERR479201,France
ERR479202,France
ERR480697,France
ERR480698,France
ERR475507,France
ERR479387,France
ERR479388,France
ERR480883,France
ERR480884,France
ERR475508,France
ERR479059,France
ERR479060,France
ERR479061,France
ERR479062,France
ERR480555,France
ERR480556,France
ERR480557,France
ERR480558,France
ERR475509,France
ERR479357,France
ERR479358,France
ERR480853,France
ERR480854,France
ERR475510,France
ERR479395,France
ERR479396,France
ERR480891,France
ERR480892,France
ERR475511,France
ERR479346,France
ERR479347,France
ERR480842,France
ERR480843,France
ERR479384,France
ERR479385,France
ERR479386,France
ERR480880,France
ERR480881,France
ERR480882,France
ERR479243,France
ERR479244,France
ERR480739,France
ERR480740,France
ERR479389,France
ERR479390,France
ERR480885,France
ERR480886,France
ERR475512,France
ERR478986,France
ERR478987,France
ERR478988,France
ERR478989,France
ERR480482,France
ERR480483,France
ERR480484,France
ERR480485,France
ERR475513,France
ERR479284,France
ERR479285,France
ERR480780,France
ERR480781,France
ERR479085,France
ERR479086,France
ERR479087,France
ERR480581,France
ERR480582,France
ERR480583,France
ERR479225,France
ERR479226,France
ERR480721,France
ERR480722,France
ERR475514,France
ERR479378,France
ERR479379,France
ERR479380,France
ERR479381,France
ERR480874,France
ERR480875,France
ERR480876,France
ERR480877,France
ERR475515,France
ERR479142,France
ERR479143,France
ERR479144,France
ERR479145,France
ERR480638,France
ERR480639,France
ERR480640,France
ERR480641,France
ERR475516,France
ERR479331,France
ERR479332,France
ERR479333,France
ERR479334,France
ERR480827,France
ERR480828,France
ERR480829,France
ERR480830,France
ERR475517,France
ERR479101,France
ERR479102,France
ERR480597,France
ERR480598,France
ERR479355,France
ERR479356,France
ERR480851,France
ERR480852,France
ERR475518,France
ERR479329,France
ERR479330,France
ERR480825,France
ERR480826,France
ERR475519,France
ERR479079,France
ERR479080,France
ERR479081,France
ERR479082,France
ERR480575,France
ERR480576,France
ERR480577,France
ERR480578,France
ERR475520,France
ERR479366,France
ERR479367,France
ERR479368,France
ERR479369,France
ERR480862,France
ERR480863,France
ERR480864,France
ERR480865,France
ERR475521,France
ERR479348,France
ERR479349,France
ERR479350,France
ERR480844,France
ERR480845,France
ERR480846,France
ERR475522,France
ERR478976,France
ERR478977,France
ERR478978,France
ERR478979,France
ERR480472,France
ERR480473,France
ERR480474,France
ERR480475,France
ERR479251,France
ERR479252,France
ERR479253,France
ERR480747,France
ERR480748,France
ERR480749,France
ERR479097,France
ERR479098,France
ERR480593,France
ERR480594,France
ERR475523,France
ERR479259,France
ERR479260,France
ERR479261,France
ERR479262,France
ERR480755,France
ERR480756,France
ERR480757,France
ERR480758,France
ERR475524,France
ERR479370,France
ERR479371,France
ERR479372,France
ERR479373,France
ERR480866,France
ERR480867,France
ERR480868,France
ERR480869,France
ERR479018,France
ERR479019,France
ERR479020,France
ERR479021,France
ERR480514,France
ERR480515,France
ERR480516,France
ERR480517,France
ERR475525,France
ERR479209,France
ERR479210,France
ERR479211,France
ERR479212,France
ERR480705,France
ERR480706,France
ERR480707,France
ERR480708,France
ERR475526,France
ERR479000,France
ERR479001,France
ERR479002,France
ERR479003,France
ERR480496,France
ERR480497,France
ERR480498,France
ERR480499,France
ERR479037,France
ERR479038,France
ERR480533,France
ERR480534,France
ERR475527,France
ERR479065,France
ERR479066,France
ERR480561,France
ERR480562,France
ERR475528,France
ERR479088,France
ERR479089,France
ERR479090,France
ERR480584,France
ERR480585,France
ERR480586,France
ERR475529,France
ERR479115,France
ERR479116,France
ERR479117,France
ERR480611,France
ERR480612,France
ERR480613,France
ERR475530,France
ERR479382,France
ERR479383,France
ERR480878,France
ERR480879,France
ERR475531,France
ERR479302,France
ERR479303,France
ERR480798,France
ERR480799,France
ERR475532,France
ERR479148,France
ERR479149,France
ERR480644,France
ERR480645,France
ERR475533,France
ERR479415,France
ERR479416,France
ERR480911,France
ERR480912,France
ERR475534,France
ERR478990,France
ERR478991,France
ERR478992,France
ERR478993,France
ERR480486,France
ERR480487,France
ERR480488,France
ERR480489,France
ERR475535,France
ERR479217,France
ERR479218,France
ERR480713,France
ERR480714,France
ERR475536,France
ERR479207,France
ERR479208,France
ERR480703,France
ERR480704,France
ERR479343,France
ERR479344,France
ERR479345,France
ERR480839,France
ERR480840,France
ERR480841,France
ERR475537,France
ERR479136,France
ERR479137,France
ERR480632,France
ERR480633,France
ERR475538,France
ERR479122,France
ERR479123,France
ERR480618,France
ERR480619,France
ERR475539,France
ERR479199,France
ERR479200,France
ERR480695,France
ERR480696,France
ERR479254,France
ERR480750,France
ERR475540,France
ERR479359,France
ERR479360,France
ERR479361,France
ERR480855,France
ERR480856,France
ERR480857,France
ERR475541,France
ERR479077,France
ERR479078,France
ERR480573,France
ERR480574,France
ERR475542,France
ERR479187,France
ERR479188,France
ERR479189,France
ERR480683,France
ERR480684,France
ERR480685,France
ERR475543,France
ERR479105,France
ERR479106,France
ERR480601,France
ERR480602,France
ERR475544,France
ERR479327,France
ERR479328,France
ERR480823,France
ERR480824,France
ERR475545,France
ERR479043,France
ERR479044,France
ERR480539,France
ERR480540,France
ERR475546,France
ERR479012,France
ERR479013,France
ERR480508,France
ERR480509,France
ERR475547,France
ERR479223,France
ERR479224,France
ERR480719,France
ERR480720,France
ERR475548,France
ERR479417,France
ERR479418,France
ERR480913,France
ERR480914,France
ERR475549,France
ERR479150,France
ERR479151,France
ERR479152,France
ERR479153,France
ERR480646,France
ERR480647,France
ERR480648,France
ERR480649,France
ERR475550,France
ERR478964,France
ERR478965,France
ERR478966,France
ERR478967,France
ERR480460,France
ERR480461,France
ERR480462,France
ERR480463,France
ERR475551,France
ERR479162,France
ERR479163,France
ERR479164,France
ERR480658,France
ERR480659,France
ERR480660,France
ERR475552,France
ERR479006,France
ERR479007,France
ERR479008,France
ERR479009,France
ERR480502,France
ERR480503,France
ERR480504,France
ERR480505,France
ERR475553,France
ERR479245,France
ERR479246,France
ERR479247,France
ERR479248,France
ERR480741,France
ERR480742,France
ERR480743,France
ERR480744,France
ERR475554,France
ERR479409,France
ERR479410,France
ERR479411,France
ERR479412,France
ERR480905,France
ERR480906,France
ERR480907,France
ERR480908,France
ERR475555,France
ERR479335,France
ERR479336,France
ERR479337,France
ERR479338,France
ERR480831,France
ERR480832,France
ERR480833,France
ERR480834,France
ERR475556,France
ERR479103,France
ERR479104,France
ERR480599,France
ERR480600,France
ERR479111,France
ERR479112,France
ERR479113,France
ERR479114,France
ERR480607,France
ERR480608,France
ERR480609,France
ERR480610,France
ERR475557,France
ERR479029,France
ERR479030,France
ERR479031,France
ERR479032,France
ERR480525,France
ERR480526,France
ERR480527,France
ERR480528,France
ERR475558,France
ERR479154,France
ERR479155,France
ERR479156,France
ERR480650,France
ERR480651,France
ERR480652,France
ERR475559,France
ERR479227,France
ERR479228,France
ERR479229,France
ERR479230,France
ERR480723,France
ERR480724,France
ERR480725,France
ERR480726,France
ERR475560,France
ERR479177,France
ERR479178,France
ERR479179,France
ERR479180,France
ERR480673,France
ERR480674,France
ERR480675,France
ERR480676,France
ERR475561,France
ERR479299,France
ERR479300,France
ERR479301,France
ERR480795,France
ERR480796,France
ERR480797,France
ERR475562,France
ERR479391,France
ERR479392,France
ERR480887,France
ERR480888,France
ERR475563,France
ERR479169,France
ERR479170,France
ERR479171,France
ERR479172,France
ERR480665,France
ERR480666,France
ERR480667,France
ERR480668,France
ERR475564,France
ERR479401,France
ERR479402,France
ERR479403,France
ERR479404,France
ERR480897,France
ERR480898,France
ERR480899,France
ERR480900,France
ERR475565,France
ERR479321,France
ERR479322,France
ERR479323,France
ERR479324,France
ERR480817,France
ERR480818,France
ERR480819,France
ERR480820,France
ERR475566,France
ERR479267,France
ERR479268,France
ERR479269,France
ERR480763,France
ERR480764,France
ERR480765,France
ERR475567,France
ERR479157,France
ERR479158,France
ERR479159,France
ERR479160,France
ERR480653,France
ERR480654,France
ERR480655,France
ERR480656,France
ERR475568,France
ERR479351,France
ERR479352,France
ERR480847,France
ERR480848,France
ERR475569,France
ERR479138,France
ERR479139,France
ERR480634,France
ERR480635,France
ERR475570,France
ERR478958,France
ERR478959,France
ERR478960,France
ERR478961,France
ERR480454,France
ERR480455,France
ERR480456,France
ERR480457,France
ERR475571,France
ERR479312,France
ERR479313,France
ERR479314,France
ERR479315,France
ERR480808,France
ERR480809,France
ERR480810,France
ERR480811,France
ERR475572,France
ERR479341,France
ERR479342,France
ERR480837,France
ERR480838,France
ERR475573,France
ERR479235,France
ERR479236,France
ERR479237,France
ERR480731,France
ERR480732,France
ERR480733,France
ERR475574,France
ERR479183,France
ERR479184,France
ERR479185,France
ERR479186,France
ERR480679,France
ERR480680,France
ERR480681,France
ERR480682,France
ERR475575,France
ERR479374,France
ERR479375,France
ERR479376,France
ERR479377,France
ERR480870,France
ERR480871,France
ERR480872,France
ERR480873,France
ERR475576,France
ERR479083,France
ERR479084,France
ERR480579,France
ERR480580,France
ERR475577,France
ERR479316,France
ERR479317,France
ERR479318,France
ERR480812,France
ERR480813,France
ERR480814,France
ERR475578,France
ERR479165,France
ERR479166,France
ERR480661,France
ERR480662,France
ERR475579,France
ERR479276,France
ERR479277,France
ERR479278,France
ERR479279,France
ERR480772,France
ERR480773,France
ERR480774,France
ERR480775,France
ERR475580,France
ERR479255,France
ERR479256,France
ERR479257,France
ERR479258,France
ERR480751,France
ERR480752,France
ERR480753,France
ERR480754,France
ERR475581,France
ERR479308,France
ERR479309,France
ERR479310,France
ERR479311,France
ERR480804,France
ERR480805,France
ERR480806,France
ERR480807,France
ERR475582,France
ERR479010,France
ERR479011,France
ERR480506,France
ERR480507,France
ERR475583,France
ERR479238,France
ERR479239,France
ERR479240,France
ERR480734,France
ERR480735,France
ERR480736,France
ERR475584,France
ERR479280,France
ERR479281,France
ERR479282,France
ERR479283,France
ERR480776,France
ERR480777,France
ERR480778,France
ERR480779,France
ERR475585,France
ERR479124,France
ERR479125,France
ERR479126,France
ERR479127,France
ERR480620,France
ERR480621,France
ERR480622,France
ERR480623,France
ERR479071,France
ERR479072,France
ERR479073,France
ERR479074,France
ERR480567,France
ERR480568,France
ERR480569,France
ERR480570,France
ERR475586,France
ERR479146,France
ERR479147,France
ERR480642,France
ERR480643,France
ERR475587,France
ERR479249,France
ERR479250,France
ERR480745,France
ERR480746,France
ERR479024,France
ERR479025,France
ERR479026,France
ERR479027,France
ERR479028,France
ERR480520,France
ERR480521,France
ERR480522,France
ERR480523,France
ERR480524,France
ERR475588,France
ERR479290,France
ERR479291,France
ERR479292,France
ERR479293,France
ERR480786,France
ERR480787,France
ERR480788,France
ERR480789,France
ERR475589,France
ERR479173,France
ERR479174,France
ERR480669,France
ERR480670,France
ERR475590,France
ERR479075,France
ERR479076,France
ERR480571,France
ERR480572,France
ERR475591,France
ERR479219,France
ERR479220,France
ERR479221,France
ERR479222,France
ERR480715,France
ERR480716,France
ERR480717,France
ERR480718,France
ERR475592,France
ERR478968,France
ERR478969,France
ERR480464,France
ERR480465,France
ERR475593,France
ERR479190,France
ERR479191,France
ERR479192,France
ERR480686,France
ERR480687,France
ERR480688,France
ERR475594,France
ERR479175,France
ERR479176,France
ERR480671,France
ERR480672,France
ERR475595,France
ERR479231,France
ERR479232,France
ERR479233,France
ERR479234,France
ERR480727,France
ERR480728,France
ERR480729,France
ERR480730,France
ERR479039,France
ERR479040,France
ERR480535,France
ERR480536,France
ERR479022,France
ERR479023,France
ERR480518,France
ERR480519,France