sample_name	*organism	host	isolation_source	*geo_loc_name	*collection_date	*lat_lon	*env_broad_scale	*env_local_scale	*env_medium	host_phenotype	BarcodeSequence	LinkerPrimerSequenceForward	reverse_primer	BarcodeName
N3	Metagenome	Homo sapiens	stool	"USA: North Carolina, Kannapolis"	2016-3	"35.501929, -80.624971"	North Carolina	DNA extraction	Stool	nonproducer	CGTAACCA	AGRGTTTGATCMTGGCTCAG	GTNTTACNGCGGCKGCTG	Ill27Fbar1
N4	Metagenome	Homo sapiens	stool	"USA: North Carolina, Kannapolis"	2016-3	"35.501929, -80.624970"	North Carolina	DNA extraction	Stool	nonproducer	CGTAAGAA	AGRGTTTGATCMTGGCTCAG	GTNTTACNGCGGCKGCTG	Ill27Fbar2
M12	Metagenome	Homo sapiens	stool	"USA: North Carolina, Kannapolis"	2016-3	"35.501929, -80.624969"	North Carolina	DNA extraction	Stool	producer	CGTACCCA	AGRGTTTGATCMTGGCTCAG	GTNTTACNGCGGCKGCTG	Ill27Fbar3
M13	Metagenome	Homo sapiens	stool	"USA: North Carolina, Kannapolis"	2016-3	"35.501929, -80.624968"	North Carolina	DNA extraction	Stool	producer	CGTAGATA	AGRGTTTGATCMTGGCTCAG	GTNTTACNGCGGCKGCTG	Ill27Fbar4
M1	Metagenome	Homo sapiens	stool	"USA: North Carolina, Kannapolis"	2016-3	"35.501929, -80.624967"	North Carolina	DNA extraction	Stool	producer	CGTAGGCT	AGRGTTTGATCMTGGCTCAG	GTNTTACNGCGGCKGCTG	Ill27Fbar5
N1	Metagenome	Homo sapiens	stool	"USA: North Carolina, Kannapolis"	2016-3	"35.501929, -80.624966"	North Carolina	DNA extraction	Stool	nonproducer	CGTATTCA	AGRGTTTGATCMTGGCTCAG	GTNTTACNGCGGCKGCTG	Ill27Fbar6
M2	Metagenome	Homo sapiens	stool	"USA: North Carolina, Kannapolis"	2016-3	"35.501929, -80.624965"	North Carolina	DNA extraction	Stool	producer	CGTATTTC	AGRGTTTGATCMTGGCTCAG	GTNTTACNGCGGCKGCTG	Ill27Fbar7
M3	Metagenome	Homo sapiens	stool	"USA: North Carolina, Kannapolis"	2016-3	"35.501929, -80.624964"	North Carolina	DNA extraction	Stool	producer	CGTCAAGA	AGRGTTTGATCMTGGCTCAG	GTNTTACNGCGGCKGCTG	Ill27Fbar8
M4	Metagenome	Homo sapiens	stool	"USA: North Carolina, Kannapolis"	2016-3	"35.501929, -80.624963"	North Carolina	DNA extraction	Stool	producer	CGTCACAG	AGRGTTTGATCMTGGCTCAG	GTNTTACNGCGGCKGCTG	Ill27Fbar9
N2	Metagenome	Homo sapiens	stool	"USA: North Carolina, Kannapolis"	2016-3	"35.501929, -80.624962"	North Carolina	DNA extraction	Stool	nonproducer	CGTCCAGG	AGRGTTTGATCMTGGCTCAG	GTNTTACNGCGGCKGCTG	Ill27Fbar10
M5	Metagenome	Homo sapiens	stool	"USA: North Carolina, Kannapolis"	2016-3	"35.501929, -80.624961"	North Carolina	DNA extraction	Stool	producer	CGTCGCAT	AGRGTTTGATCMTGGCTCAG	GTNTTACNGCGGCKGCTG	Ill27Fbar11
M10	Metagenome	Homo sapiens	stool	"USA: North Carolina, Kannapolis"	2016-3	"35.501929, -80.624960"	North Carolina	DNA extraction	Stool	producer	CGTCTGAA	AGRGTTTGATCMTGGCTCAG	GTNTTACNGCGGCKGCTG	Ill27Fbar12
M6	Metagenome	Homo sapiens	stool	"USA: North Carolina, Kannapolis"	2016-3	"35.501929, -80.624959"	North Carolina	DNA extraction	Stool	producer	CGTGAGAC	AGRGTTTGATCMTGGCTCAG	GTNTTACNGCGGCKGCTG	Ill27Fbar13
M7	Metagenome	Homo sapiens	stool	"USA: North Carolina, Kannapolis"	2016-3	"35.501929, -80.624958"	North Carolina	DNA extraction	Stool	producer	CGTGATAA	AGRGTTTGATCMTGGCTCAG	GTNTTACNGCGGCKGCTG	Ill27Fbar14
M8	Metagenome	Homo sapiens	stool	"USA: North Carolina, Kannapolis"	2016-3	"35.501929, -80.624957"	North Carolina	DNA extraction	Stool	producer	CGTGGGAC	AGRGTTTGATCMTGGCTCAG	GTNTTACNGCGGCKGCTG	IPll27Fbar15
M9	Metagenome	Homo sapiens	stool	"USA: North Carolina, Kannapolis"	2016-3	"35.501929, -80.624956"	North Carolina	DNA extraction	Stool	producer	CGTGGTCA	AGRGTTTGATCMTGGCTCAG	GTNTTACNGCGGCKGCTG	Ill27Fbar16
M11	Metagenome	Homo sapiens	stool	"USA: North Carolina, Kannapolis"	2016-3	"35.501929, -80.624955"	North Carolina	DNA extraction	Stool	producer	CGTTCACG	AGRGTTTGATCMTGGCTCAG	GTNTTACNGCGGCKGCTG	Ill27Fbar17
M14	Metagenome	Homo sapiens	stool	"USA: North Carolina, Kannapolis"	2016-3	"35.501929, -80.624954"	North Carolina	DNA extraction	Stool	producer	CGTTTACT	AGRGTTTGATCMTGGCTCAG	GTNTTACNGCGGCKGCTG	Ill27Fbar18
M15	Metagenome	Homo sapiens	stool	"USA: North Carolina, Kannapolis"	2016-3	"35.501929, -80.624953"	North Carolina	DNA extraction	Stool	producer	CGTTTCTA	AGRGTTTGATCMTGGCTCAG	GTNTTACNGCGGCKGCTG	Ill27Fbar19
M16	Metagenome	Homo sapiens	stool	"USA: North Carolina, Kannapolis"	2016-3	"35.501929, -80.624952"	North Carolina	DNA extraction	Stool	producer	CTAACACA	AGRGTTTGATCMTGGCTCAG	GTNTTACNGCGGCKGCTG	Ill27Fbar20
M17	Metagenome	Homo sapiens	stool	"USA: North Carolina, Kannapolis"	2016-3	"35.501929, -80.624951"	North Carolina	DNA extraction	Stool	producer	CTAACAGC	AGRGTTTGATCMTGGCTCAG	GTNTTACNGCGGCKGCTG	Ill27Fbar21